airshipcpt,Airship Captain
bishoproma,Bishop Roma
boarblack,Truffle Hog
boarcommon,Boar
boargold,
boarred,
cheflethrow,Chef Lethrow
chicken,Chicken
commanderfassith,Commander Fassith
crab,Giant Kelpie
crabboss,Giant Stone Kelpie
deer,Stag
deerguardian,Plains Guardian
dinoboss,Yelbeghen
dinominion,Melbeghen
doe,Doe
elk,Elk
elkguardian,Elk Guardian
elongota,Elongota
firebug,Char Dygron
flyingbeetle,Scarab Beetle
forestgolem,Skogtroll
foxgrey,Elder Vulpes
foxorange,Autumn Vulpes
foxsnow,Frosted Vulpes
frogmage,Runic Valusia
golemboss,Dovregubben
guardianbart,Guardian Bart
holyinquisitor,Holy Inquisitor
holymage,Holy Mage
idol1,Ba'al Idol
Wise One,Ba'al Idol
idol3,Ba'al Idol
imp ,Imp
kingstag,King Stag
liardking,Yig King
lizardmanbig,Valusia Warrior
lizardmansmall,Valusia Soldier
mastersmith,Smith Vogoul
minidragon,Dragon
npc,Townsfolk
npc,Townsfolk
ogre,Ogre
orderguard,Order Guard
parkaguybig,Dreygur
parkaguysmall,Draugr
pigbig,Chimeral Swine
pigsmall,Swine
pyramidman,Ifrit
rebel,Rebel
rebelleader,Sir Albert 
rebelmage,Rebel Mage
redtail,Redtail
robotgolem,Robot Golem
rootboss,Shuggai
rootmanbig,Shuggai Sprig
rootmanmini,Shuggai Root
sheep,Sheep
sheepshifter,Ovisganger
siroscar,Sir Oscar Hulthine
spider ,Huntsman
spiderling,Venom Huntsman
spirit,Almas Sprite
tiger,Felid
tillyfrog,Tilly 
tinnymulbirth,Tinny Mulbirth
venomspider,Venom Spider
wasp,Cikavac Hornet
wiseone,The Wise One
wolf,Warg
wolfblack,Warg
wolfbrown,Warg
wolfgrey,Warg
wolfmage,Runic Warg
wolfskull,Armored Warg
wyvern,Valsunga Wyrm
masterfisher,Ernest Trimm
pilgrim,Pilgrim in need of Escort
apprenticesmith,Apprentice Smith
orchardworker,Orchard Worker
general,General Clavacius
imp ,Desert Imp
robotgolem,Robot Golem
flyingbeetle,Flying Beetle
desertelf,Desert Guardian
deerpetal,Deer Petal
stickelite,Leshak
mushroomelite,Spriggan
cinderbell,Cinder Bell
mechboss,Dweorg’s Soldier
jasan,Barmaid Jasan
cactusmansmall,Cactaur
giantworm,Sanyael
cobra,Jacketed Serper
sandworm,Obnobi Wyrm
rudolf,Lord Rudolf
markos,Sir Markos
susannah,Lady Susannah
helga,Helga Sarrow
bezoula,Bezoula
kreyen,Kreyen
pavara,Brother Pavara
beslial,Beslial
ghoul,Obnobi Ghoul
sicilus,Sicilus
resortowner,Resort Owner
tourist1,Tourist
tourist2,Tourist
parkabignpc,Dreygur
parkasmallnpc,Draugr
romaadvisor,Roma's Advisor
petyr,Sir Petyr
flourina,Adela
erinvon,Erin Von Leustron
wolfhunter,Warg Hunter
demonwolfskull,Grund Warg
gretchen,Mrs. Denhar
vibria,Völuspá
ethan,Ethan Runvale
prisoner,Prisoner
jailbars,Jail Bars
lordwhiterule,Lord Runvale
kidknight,Thief
roma,Bishop Roma
pilgrimtalk,Pilgrim Leader
spirit1,Infested Sprite
weaponcart,Weapon Shipment
essakey,Essa Gate Key
jethrin,General Jethrin
sandworm1,Chthonian Leecher
sandworm,Leecher
eggtrap,Egg Trap
albinotiger,Frosted Felid
francis,Francis
bartfight,Order Guard
swordmaat,Sword of Ma'at
corrupt,Corrupted
corruptmage,Corrupted
corruptranger,Corrupted
corruptgunner,Corrupted
contractkill1,Claudie da LaForge
contractkill2,Green Clothed Man
contractkill3,Asger
contractkill4,Runic Warg
contractkill5,Draugr
dernsister,Alice Dern
kingtown,Necro Worshiper
elitecactus,Mutant Cactaur
elitechimera,Rabid Mantyger
elitecrabface,Mi-Go Kelpie
elitetentacle,Tentaculair
elitevulture,Starved Dakhma
touristmushroom,Essa Spriggan
elitegolem,Scaled Stone Kelpie
elitegoat,Astarte Guardian
heathrunbuck,Heathrun Buck
elitestick,Leshak
stickquest,Shadow Leshak
stickquestfinal,Shadow Leshak Leader
elitecinderbell,Scaled Mi-Go Kelpie
elitedeerpetal,Flowering Cervid
clockworkhunter,Clockwork Hunter
pillarhand,Pillar Hand
pillar,Runic Pillar
rockboss,Rock Boss
essaboss1,Mist Keeper
essaboss2,Potion Keeper
essaboss3,Sentry
cavecrawler,Forest Spider
snowball,Snowball
mockdragon,Snow Dragon
essaboss5,Mutated Worm
essaboss6,Mutated Shroom
essaboss7,Squiddie
essaboss8,Soul Keeper
bootlegger,Bootlegger
fiend,Fiend
mafiacontact,Mafia Contact
bedscout,Bedouin scout
whiskeytrader,Bjorth
thief,Thief
bartinquisitor,Holy Inquisitor
lizardranger,Valusia Soldier
mayor,Mayor
anthro,Anthropologist
corruptelk,Corrupted Elk
corruptfox,Corrupted Vulpes
corruptboar,Corrupted Boar
corruptdeer,Corrupted Stag
whitemoose,Frosted Moosu
blackmoose,Blackend Moosu
hunterdern,Hunter Dern
panther,Black Panther
leopard,Leopard
corruptpanther,Corrupted Panther
corruptcougar,Corrupted Cougar
iblis,Iblis
manticore,Manticore
corruptwolf,Corrupted Warg
missingchild,Missing Child
corruptleopard,Scaled Leopard
dummy20,LVL 20
cenn,Marcell Cenn
lizardmanbigquest,Valusia Leader
redtail1,Bluetail
realtor,Broker
lordlenneth,Lord Lenneth
storevendor,Backer Rewards
cashshop,Odds and Ends
nagathua,Boss Ngathu
ordermusket,Order Guard
esasaturret,Turret
squidmini,Minion
wormmini,Minion
smokemini,Minion
essaworldboss,Ancient One
essaboss4,Tank Keeper
fibonacci,Fibonacci
brokerfix,Broker Fix
exploreguild,Explorer Guild Member
hulthineservant,Hulthine's Servant
ludwigsarrow,Ludwig Sarrow
contractkill6,Turid
giantworm,Sanyael
contractkill7,Tori
dyeshop,Dye Shop
highsteppestall1,Stall 1
highsteppestall2,Stall 2
highsteppestall3,Stall 3
highsteppestall4,Stall 4
highsteppestall5,Stall 5
highsteppestall6,Stall 6
highsteppestall7,Stall 7
highsteppestall8,Stall 8
highsteppestall9,Stall 9
infusinator,Infusion Specialist
dragonshop,Dragon Shop
snowstranger,Mikka
narwahl,Narwahl
sephotep,Sephotep
romasnow,Bishop Roma
necroboss1,Lord Iiä-Ktha
necroboss2,Lady Fa’shet
necroboss3,Lord Hasturn
necroboss4,Lord Bosun
necroboss5,
necroboss6,Lady Mobek
necrobossfinal,Lord Dethslatŭ
raidshop,Raid Shop
tricksterchest,Tricksters Shop
raidshophard,Hard Raid Shop 
realmdefender,Realm Defender
knight,Rebel Guard
corruptwolflvlsc,Scaled Warg
corruptdeerlvlsc,Scaled Stag
corruptfoxlvlsc,Scaled Vulpes
elitetentaclelvlsc,Scaled Tentaculair
reaverbeaver,Scaled Almas Sprite
corruptlvlsc,Scaled Corrupt
cncolossus,Colossus
cnwitch,Witch
essaboss5minion,Split Worm